SongOwner,SongName,BandName,Genre,Piano,Cords,Guitar,Bass
Michael,Dancing Queen.pdf,none,pop,Yes,Yes,Yes,Yes
Michael,I Have A Dream.pdf,none,pop,Yes,Yes,Yes,Yes
Michael,Mamma Mia.pdf,none,pop,Yes,Yes,Yes,Yes
Michael,Slipping Througy My Fingers.pdf,none,pop,Yes,Yes,Yes,Yes
Michael,Super Trouper.pdf,TBD,pop,Yes,Yes,Yes,Yes
Michael,The Winner Takes It All.pdf,TBD,pop,Yes,Yes,Yes,Yes
Michael,All My Life.pdf,TBD,pop,Yes,Yes,Yes,Yes
Michael,And I Love Her.pdf,TBD,pop,Yes,Yes,Yes,Yes
Michael,Golden Slumbers.pdf,Andrew Webber,pop,Yes,Yes,Yes,Yes
Michael,Hey Jude.pdf,Andrew Webber,pop,Yes,Yes,Yes,Yes
Michael,If I Fell.pdf,TBD,pop,Yes,Yes,Yes,Yes
Michael,Let It Be.pdf,TBD,pop,Yes,Yes,Yes,Yes
Michael,OB-LA-DI OB-LA-DA.pdf,TBD,pop,Yes,Yes,Yes,Yes
Michael,PS I Love You.pdf,TBD,pop,Yes,Yes,Yes,Yes
Michael,The Long and Winding Road.pdf,TBD,pop,Yes,Yes,Yes,Yes
Michael,What a Little Help From My Friends.pdf,Yani,pop,Yes,Yes,Yes,Yes
Michael,Yellow Submarine.pdf,HeatWave,pop,Yes,Yes,Yes,Yes
Michael,Don't Throw Away Your Love.pdf,TBD,pop,Yes,Yes,Yes,Yes
Michael,Edge of the Universe.pdf,TBD,pop,Yes,Yes,Yes,Yes
Michael,Fanny Be Tender With My Love.pdf,TBD,pop,Yes,Yes,Yes,Yes
Michael,First of May.pdf,TBD,pop,Yes,Yes,Yes,Yes
Michael,Holiday.pdf,TBD,pop,Yes,Yes,Yes,Yes
Michael,How Can you Mend a broken Heart.pdf,TBD,pop,Yes,Yes,Yes,Yes
Michael,I Started A Joke.pdf,TBD,pop,Yes,Yes,Yes,Yes
Michael,If I Can't Have You.pdf,TBD,pop,Yes,Yes,Yes,Yes
Michael,Love So Right.pdf,TBD,pop,Yes,Yes,Yes,Yes
Michael,Words.pdf,TBD,pop,Yes,Yes,Yes,Yes
Michael,Fur_Elise.pdf,TBD,pop,Yes,Yes,Yes,Yes
Michael,Gertrude's Dream Walta.pdf,TBD,pop,Yes,Yes,Yes,Yes
Michael,Candle in the wind.pdf,TBD,pop,Yes,Yes,Yes,Yes
Michael,Don't Let the Sun Go Down On Me.pdf,TBD,pop,Yes,Yes,Yes,Yes
Michael,Goodbye Yellow Brick Road.pdf,TBD,pop,Yes,Yes,Yes,Yes
Michael,RockMan.pdf,TBD,pop,Yes,Yes,Yes,Yes
Michael,Someone Save My Life Tonight.pdf,TBD,pop,Yes,Yes,Yes,Yes
Michael,Sorry Seems To Be the Hardest Word.pdf,TBD,pop,Yes,Yes,Yes,Yes
Michael,Your Song.pdf,TBD,pop,Yes,Yes,Yes,Yes
Michael,40 little pieces_flute.pdf,TBD,pop,Yes,Yes,Yes,Yes
Michael,A Whole New World flute.pdf,TBD,pop,Yes,Yes,Yes,Yes
Michael,All I Ask of You flute.pdf,TBD,pop,Yes,Yes,Yes,Yes
Michael,Elementary Method Flute.pdf,TBD,pop,Yes,Yes,Yes,Yes
Michael,Learn to Play the Flute.pdf,TBD,pop,Yes,Yes,Yes,Yes
Michael,Once Again _Flute.pdf,TBD,pop,Yes,Yes,Yes,Yes
Michael,One Thing I Asked-flue.pdf,TBD,pop,Yes,Yes,Yes,Yes
Michael,Rubank Intermedia Lesson.pdf,TBD,pop,Yes,Yes,Yes,Yes
Michael,A Million Dream.pdf,TBD,pop,Yes,Yes,Yes,Yes
Michael,A Shield About Me.pdf,TBD,pop,Yes,Yes,Yes,Yes
Michael,A Whole New World Piano Solo.pdf,TBD,pop,Yes,Yes,Yes,Yes
Michael,Above All2.pdf,TBD,pop,Yes,Yes,Yes,Yes
Michael,Again.pdf,TBD,pop,Yes,Yes,Yes,Yes
Michael,ALL BOW DOWN-1.pdf,TBD,pop,Yes,Yes,Yes,Yes
Michael,All I asked of you piano solo.pdf,TBD,pop,Yes,Yes,Yes,Yes
Michael,All I asked of You.pdf,TBD,pop,Yes,Yes,Yes,Yes
Michael,All My Trials.pdf,TBD,pop,Yes,Yes,Yes,Yes
Michael,All of Me.pdf,TBD,pop,Yes,Yes,Yes,Yes
Michael,All To Jesus I Surrender.pdf,TBD,pop,Yes,Yes,Yes,Yes
Michael,Almost A Whisper.pdf,TBD,pop,Yes,Yes,Yes,Yes
Michael,Always and Forever.pdf,TBD,pop,Yes,Yes,Yes,Yes
Michael,Always.pdf,TBD,pop,Yes,Yes,Yes,Yes
Michael,Amazing Love.pdf,TBD,pop,Yes,Yes,Yes,Yes
Michael,And Can it Be.pdf,TBD,pop,Yes,Yes,Yes,Yes
Michael,And We Worship You.pdf,TBD,pop,Yes,Yes,Yes,Yes
Michael,Angel Of Music _Flute.pdf,TBD,pop,Yes,Yes,Yes,Yes
Michael,Angel of Music.pdf,TBD,pop,Yes,Yes,Yes,Yes
Michael,Angels We have heard on High.pdf,TBD,pop,Yes,Yes,Yes,Yes
Michael,Annie's Song.pdf,TBD,pop,Yes,Yes,Yes,Yes
Michael,Any Dream Will Do Piano Solo.pdf,TBD,pop,Yes,Yes,Yes,Yes
Michael,Aquarius.pdf,TBD,pop,Yes,Yes,Yes,Yes
Michael,Arise.pdf,TBD,pop,Yes,Yes,Yes,Yes
Michael,Arms of Love.pdf,TBD,pop,Yes,Yes,Yes,Yes
Michael,As The Deer-p.pdf,TBD,pop,Yes,Yes,Yes,Yes
Michael,As the Deer.pdf,TBD,pop,Yes,Yes,Yes,Yes
Michael,As The Deer2.pdf,TBD,pop,Yes,Yes,Yes,Yes
Michael,As The Deer2_copy.pdf,TBD,pop,Yes,Yes,Yes,Yes
Michael,As Time Goes By.pdf,TBD,pop,Yes,Yes,Yes,Yes
Michael,As We Gather.pdf,TBD,pop,Yes,Yes,Yes,Yes
Michael,As We Gather_p.pdf,TBD,pop,Yes,Yes,Yes,Yes
Michael,Aubrey- guitar.pdf,TBD,pop,Yes,Yes,Yes,Yes
Michael,Aubrey.pdf,TBD,pop,Yes,Yes,Yes,Yes
Michael,Awesome God.pdf,TBD,pop,Yes,Yes,Yes,Yes
Michael,Baby I'm Want You.pdf,TBD,pop,Yes,Yes,Yes,Yes
Michael,Ballerina Girl.pdf,TBD,Broadway,Yes,Yes,Yes,Yes
Michael,Band On The Run.pdf,TBD,Broadway,Yes,Yes,Yes,Yes
Michael,Battle Belongs to the Lord.pdf,TBD,pop,Yes,Yes,Yes,Yes
Michael,Be Glorified.pdf,TBD,John Denver,Yes,Yes,Yes,Yes
Michael,Beautify One.pdf,TBD,pop,Yes,Yes,Yes,Yes
Michael,Beauty and the Beast_flute.pdf,TBD,pop,Yes,Yes,Yes,Yes
Michael,Because You Loved Me_x.pdf,TBD,pop,Yes,Yes,Yes,Yes
Michael,Ben - guitar.pdf,TBD,pop,Yes,Yes,Yes,Yes
Michael,Best of my Love_x.pdf,TBD,pop,Yes,Yes,Yes,Yes
Michael,Better is One Day.pdf,TBD,pop,Yes,Yes,Yes,Yes
Michael,Blessed Be the Rock.pdf,TBD,pop,Yes,Yes,Yes,Yes
Michael,Blessed Be Your Name .pdf,TBD,pop,Yes,Yes,Yes,Yes
Michael,Blessed Be Your Name.pdf,TBD,pop,Yes,Yes,Yes,Yes
Michael,Blessed is the One.pdf,TBD,pop,Yes,Yes,Yes,Yes
Michael,Breathe.pdf,TBD,pop,Yes,Yes,Yes,Yes
Michael,Can't Smile Without You.pdf,TBD,pop,Yes,Yes,Yes,Yes
Michael,Change by your glory.pdf,TBD,pop,Yes,Yes,Yes,Yes
Michael,Change my Heart Oh God.pdf,TBD,pop,Yes,Yes,Yes,Yes
Michael,Charity - Sax.pdf,TBD,pop,Yes,Yes,Yes,Yes
Michael,Charity.pdf,TBD,pop,Yes,Yes,Yes,Yes
Michael,Cherish.pdf,TBD,pop,Yes,Yes,Yes,Yes
Michael,Children of Light.pdf,TBD,pop,Yes,Yes,Yes,Yes
Michael,Christ in Me.pdf,TBD,pop,Yes,Yes,Yes,Yes
Michael,Christian_song_book.pdf,TBD,pop,Yes,Yes,Yes,Yes
Michael,Classical Children Pieces-1.pdf,TBD,pop,Yes,Yes,Yes,Yes
Michael,Close to You.pdf,TBD,pop,Yes,Yes,Yes,Yes
Michael,Come and Sing Praises.pdf,TBD,pop,Yes,Yes,Yes,Yes
Michael,Come Let Us Worship and Bown Down.pdf,TBD,pop,Yes,Yes,Yes,Yes
Michael,Come now is the time to Worship.pdf,TBD,pop,Yes,Yes,Yes,Yes
Michael,Come Thou Fount.pdf,TBD,pop,Yes,Yes,Yes,Yes
Michael,Create in Me.pdf,TBD,pop,Yes,Yes,Yes,Yes
Michael,Cry of My Heart.pdf,TBD,pop,Yes,Yes,Yes,Yes
Michael,Deck the Hall.pdf,TBD,pop,Yes,Yes,Yes,Yes
Michael,Devoted to you.pdf,TBD,pop,Yes,Yes,Yes,Yes
Michael,Diary.pdf,TBD,pop,Yes,Yes,Yes,Yes
Michael,Diary_guitar.pdf,TBD,pop,Yes,Yes,Yes,Yes
Michael,Did You Feel The Mountain Tremble.pdf,TBD,pop,Yes,Yes,Yes,Yes
Michael,Do You Remember.pdf,TBD,pop,Yes,Yes,Yes,Yes
Michael,Don't Cry for me Argentina_piano_solo.pdf,TBD,pop,Yes,Yes,Yes,Yes
Michael,Don't Give Up on Us- guitar.pdf,TBD,pop,Yes,Yes,Yes,Yes
Michael,Don't Stop Believeing.pdf,TBD,pop,Yes,Yes,Yes,Yes
Michael,Draw Me Close.pdf,TBD,pop,Yes,Yes,Yes,Yes
Michael,Draw me Closer to You.pdf,TBD,pop,Yes,Yes,Yes,Yes
Michael,Dreaming of You.pdf,TBD,pop,Yes,Yes,Yes,Yes
Michael,"Dry Your Tears, Afrika.pdf",TBD,pop,Yes,Yes,Yes,Yes
Michael,Ebony and Ivory Flute Duet.pdf,TBD,pop,Yes,Yes,Yes,Yes
Michael,Ebony and Ivory.pdf,TBD,pop,Yes,Yes,Yes,Yes
Michael,Edelweiss.pdf,TBD,pop,Yes,Yes,Yes,Yes
Michael,EL Shadda_pianoi.pdf,TBD,pop,Yes,Yes,Yes,Yes
Michael,El Shaddai-piano.pdf,TBD,pop,Yes,Yes,Yes,Yes
Michael,EL Shaddai.pdf,TBD,pop,Yes,Yes,Yes,Yes
Michael,Emperial Arrives flute.pdf,TBD,pop,Yes,Yes,Yes,Yes
Michael,Endless Love Flute Duet.pdf,TBD,pop,Yes,Yes,Yes,Yes
Michael,Endless Love.pdf,TBD,pop,Yes,Yes,Yes,Yes
Michael,Enya.pdf,TBD,pop,Yes,Yes,Yes,Yes
Michael,Even_Now.pdf,TBD,pop,Yes,Yes,Yes,Yes
Michael,EverGreen - guitar.pdf,TBD,pop,Yes,Yes,Yes,Yes
Michael,Evergreen2.pdf,TBD,pop,Yes,Yes,Yes,Yes
Michael,Everlasting God.pdf,TBD,pop,Yes,Yes,Yes,Yes
Michael,Every Move I Make.pdf,TBD,pop,Yes,Yes,Yes,Yes
Michael,Everything I Do I Do for you.pdf,TBD,pop,Yes,Yes,Yes,Yes
Michael,Exdous XV.pdf,TBD,pop,Yes,Yes,Yes,Yes
Michael,Faithful Father.pdf,TBD,pop,Yes,Yes,Yes,Yes
Michael,Father I want you to Hold Me.pdf,TBD,pop,Yes,Yes,Yes,Yes
Michael,Father Of Light.pdf,TBD,pop,Yes,Yes,Yes,Yes
Michael,Father Spirit Jesus.pdf,TBD,pop,Yes,Yes,Yes,Yes
Michael,First Noel.pdf,TBD,pop,Yes,Yes,Yes,Yes
Michael,Five Hundred Miles.pdf,TBD,pop,Yes,Yes,Yes,Yes
Michael,Flash Dance.pdf,TBD,pop,Yes,Yes,Yes,Yes
Michael,Fly Away - guitar.pdf,TBD,pop,Yes,Yes,Yes,Yes
Michael,Follow Me.pdf,TBD,pop,Yes,Yes,Yes,Yes
Michael,For All We Know - guitar.pdf,TBD,pop,Yes,Yes,Yes,Yes
Michael,For All We Know.pdf,TBD,pop,Yes,Yes,Yes,Yes
Michael,Forever in Love flute.pdf,TBD,pop,Yes,Yes,Yes,Yes
Michael,Forever In Love.pdf,TBD,pop,Yes,Yes,Yes,Yes
Michael,Forever.pdf,TBD,pop,Yes,Yes,Yes,Yes
Michael,Forrest Gump Theme.pdf,TBD,pop,Yes,Yes,Yes,Yes
Michael,Fountain of Grace.pdf,TBD,pop,Yes,Yes,Yes,Yes
Michael,Friends.pdf,TBD,pop,Yes,Yes,Yes,Yes
Michael,From a Distance.pdf,TBD,pop,Yes,Yes,Yes,Yes
Michael,From the Inside Out.pdf,TBD,pop,Yes,Yes,Yes,Yes
Michael,Getting to Know You.pdf,TBD,pop,Yes,Yes,Yes,Yes
Michael,Give Thanks.pdf,TBD,pop,Yes,Yes,Yes,Yes
Michael,Give Thanks2.pdf,TBD,pop,Yes,Yes,Yes,Yes
Michael,Glory to God Forever.pdf,TBD,pop,Yes,Yes,Yes,Yes
Michael,Glory.pdf,TBD,pop,Yes,Yes,Yes,Yes
Michael,God is Good All the time.pdf,TBD,pop,Yes,Yes,Yes,Yes
Michael,God is Great.pdf,TBD,pop,Yes,Yes,Yes,Yes
Michael,God Must Have Spend a Little more time on You.pdf,TBD,pop,Yes,Yes,Yes,Yes
Michael,God of Wonder.pdf,TBD,pop,Yes,Yes,Yes,Yes
Michael,God Will Make a Way.pdf,TBD,pop,Yes,Yes,Yes,Yes
Michael,Good to Me - Sax.pdf,TBD,pop,Yes,Yes,Yes,Yes
Michael,Good to me -flute.pdf,TBD,pop,Yes,Yes,Yes,Yes
Michael,Good To Me.pdf,TBD,pop,Yes,Yes,Yes,Yes
Michael,Goodbye Girl.pdf,TBD,pop,Yes,Yes,Yes,Yes
Michael,Goodbye To Love.pdf,TBD,pop,Yes,Yes,Yes,Yes
Michael,Great Are Your Work.pdf,TBD,pop,Yes,Yes,Yes,Yes
Michael,Great is the Lord.pdf,TBD,pop,Yes,Yes,Yes,Yes
Michael,Great Is Thy Faithfulness.pdf,TBD,pop,Yes,Yes,Yes,Yes
Michael,Greatest Love of All.pdf,TBD,pop,Yes,Yes,Yes,Yes
Michael,Green Sleeves.pdf,TBD,pop,Yes,Yes,Yes,Yes
Michael,Guard us with your glory.pdf,TBD,pop,Yes,Yes,Yes,Yes
Michael,Guitar Cord.pdf,TBD,pop,Yes,Yes,Yes,Yes
Michael,Happy Days.pdf,TBD,pop,Yes,Yes,Yes,Yes
Michael,Happy Days.pdf alias,TBD,pop,Yes,Yes,Yes,Yes
Michael,Hark THE Heral Angel Sing.pdf,TBD,pop,Yes,Yes,Yes,Yes
Michael,Hark the Herald Angels Sing.pdf,TBD,pop,Yes,Yes,Yes,Yes
Michael,Hark The Herald Sing2.pdf,TBD,pop,Yes,Yes,Yes,Yes
Michael,He Got the Whole World in His hand.pdf,TBD,pop,Yes,Yes,Yes,Yes
Michael,He is Exalted.pdf,TBD,pop,Yes,Yes,Yes,Yes
Michael,He is Exalted_p.pdf,TBD,pop,Yes,Yes,Yes,Yes
Michael,He is God - Sax.pdf,TBD,pop,Yes,Yes,Yes,Yes
Michael,He Is God- flute.pdf,TBD,pop,Yes,Yes,Yes,Yes
Michael,He is God.pdf,TBD,pop,Yes,Yes,Yes,Yes
Michael,He's Everything To Me.pdf,TBD,pop,Yes,Yes,Yes,Yes
Michael,He.pdf,TBD,pop,Yes,Yes,Yes,Yes
Michael,Heal the World.pdf,TBD,pop,Yes,Yes,Yes,Yes
Michael,Heart of Worship.pdf,TBD,pop,Yes,Yes,Yes,Yes
Michael,Here Am I to Worship2.pdf,TBD,pop,Yes,Yes,Yes,Yes
Michael,Here Am I to Worship_piano.pdf,TBD,pop,Yes,Yes,Yes,Yes
Michael,Here Comes the Sun.pdf,TBD,pop,Yes,Yes,Yes,Yes
Michael,Here I am to Worship_piano.pdf,TBD,pop,Yes,Yes,Yes,Yes
Michael,Hero flute.pdf,TBD,pop,Yes,Yes,Yes,Yes
Michael,Hide Me in Your Holiness-p.pdf,TBD,pop,Yes,Yes,Yes,Yes
Michael,Hide Me in Your Holyness.pdf,TBD,pop,Yes,Yes,Yes,Yes
Michael,Hide Me in Your Shelter- Sax.pdf,TBD,pop,Yes,Yes,Yes,Yes
Michael,Hide Me in Your Shelter.pdf,TBD,pop,Yes,Yes,Yes,Yes
Michael,High Me In Your Shelter2.pdf,TBD,pop,Yes,Yes,Yes,Yes
Michael,Holy Ground.pdf,TBD,pop,Yes,Yes,Yes,Yes
Michael,Holy Holy holy All God Almighty.pdf,TBD,pop,Yes,Yes,Yes,Yes
Michael,Holy Holy Holy.pdf,TBD,pop,Yes,Yes,Yes,Yes
Michael,Holy Is the Lord God Almight.pdf,TBD,pop,Yes,Yes,Yes,Yes
Michael,Holy Spirit Come.pdf,TBD,pop,Yes,Yes,Yes,Yes
Michael,Home Coming.pdf,TBD,pop,Yes,Yes,Yes,Yes
Michael,Hope is Born Again.pdf,TBD,pop,Yes,Yes,Yes,Yes
Michael,Hosanna.pdf,TBD,pop,Yes,Yes,Yes,Yes
Michael,How Beautiful.pdf,TBD,pop,Yes,Yes,Yes,Yes
Michael,How Deep the Father Love for Us.pdf,TBD,pop,Yes,Yes,Yes,Yes
Michael,How Deep The Father's Love For Us.pdf,TBD,pop,Yes,Yes,Yes,Yes
Michael,How Excellent Your Name.pdf,TBD,pop,Yes,Yes,Yes,Yes
Michael,How Great thou  Art.pdf,TBD,pop,Yes,Yes,Yes,Yes
Michael,How Magextic is your Name.pdf,TBD,pop,Yes,Yes,Yes,Yes
Michael,How Majestic Is Your Name.pdf,TBD,pop,Yes,Yes,Yes,Yes
Michael,I am Free-flute.pdf,TBD,pop,Yes,Yes,Yes,Yes
Michael,I Am Free.pdf,TBD,pop,Yes,Yes,Yes,Yes
Michael,I believe in Jesus.pdf,TBD,pop,Yes,Yes,Yes,Yes
Michael,I Believe in You and Me.pdf,TBD,pop,Yes,Yes,Yes,Yes
Michael,I Can See Clearly Now.pdf,TBD,pop,Yes,Yes,Yes,Yes
Michael,I could Sing of your love forever.pdf,TBD,pop,Yes,Yes,Yes,Yes
Michael,I don't know how to love him - piano_solo.pdf,TBD,pop,Yes,Yes,Yes,Yes
Michael,I don't know how to love him.pdf,TBD,pop,Yes,Yes,Yes,Yes
Michael,I Exalt Thee.pdf,TBD,pop,Yes,Yes,Yes,Yes
Michael,I Give Thanks-2flute.pdf,TBD,pop,Yes,Yes,Yes,Yes
Michael,I Give Thanks-flute.pdf,TBD,pop,Yes,Yes,Yes,Yes
Michael,I Give Thanks.pdf,TBD,pop,Yes,Yes,Yes,Yes
Michael,I give you my heart.pdf,TBD,pop,Yes,Yes,Yes,Yes
Michael,I Honestly Love You - guitar.pdf,TBD,pop,Yes,Yes,Yes,Yes
Michael,I just want to be where your are.pdf,TBD,pop,Yes,Yes,Yes,Yes
Michael,I just Want to Be Your Everything.pdf,TBD,pop,Yes,Yes,Yes,Yes
Michael,I Just Want To Praise You.pdf,TBD,pop,Yes,Yes,Yes,Yes
Michael,I life my Eyes up.pdf,TBD,pop,Yes,Yes,Yes,Yes
Michael,I lift Your Name.pdf,TBD,pop,Yes,Yes,Yes,Yes
Michael,I llike to Teach the World to Sing.pdf,TBD,pop,Yes,Yes,Yes,Yes
Michael,I looked to the Sheperd.pdf,TBD,pop,Yes,Yes,Yes,Yes
Michael,I Looked to the Shepherd.pdf,TBD,pop,Yes,Yes,Yes,Yes
Michael,I Love You Lord-p.pdf,TBD,pop,Yes,Yes,Yes,Yes
Michael,I Never Promise You a Rose Garden.pdf,TBD,pop,Yes,Yes,Yes,Yes
Michael,I offer my life.pdf,TBD,pop,Yes,Yes,Yes,Yes
Michael,I offer my life2.pdf,TBD,pop,Yes,Yes,Yes,Yes
Michael,I really love to see you tonight- guitar.pdf,TBD,pop,Yes,Yes,Yes,Yes
Michael,I see the Lord.pdf,TBD,pop,Yes,Yes,Yes,Yes
Michael,I Stand In Awe.pdf,TBD,pop,Yes,Yes,Yes,Yes
Michael,I Still Believe-piano_solo.pdf,TBD,pop,Yes,Yes,Yes,Yes
Michael,I want to be Where you are.pdf,TBD,pop,Yes,Yes,Yes,Yes
Michael,I Whistle a Happy Tune.pdf,TBD,pop,Yes,Yes,Yes,Yes
Michael,I Will Always Love You.pdf,TBD,pop,Yes,Yes,Yes,Yes
Michael,I will be here.pdf,TBD,pop,Yes,Yes,Yes,Yes
Michael,I Will Called Upon the Lord.pdf,TBD,pop,Yes,Yes,Yes,Yes
Michael,I will Celebrate 2.pdf,TBD,pop,Yes,Yes,Yes,Yes
Michael,I Will Celebrate.pdf,TBD,pop,Yes,Yes,Yes,Yes
Michael,I will Celebrate_x.pdf,TBD,pop,Yes,Yes,Yes,Yes
Michael,I Will Follow.pdf,TBD,pop,Yes,Yes,Yes,Yes
Michael,I will not be shaken.pdf,TBD,pop,Yes,Yes,Yes,Yes
Michael,I Will Offer My Life.pdf,TBD,pop,Yes,Yes,Yes,Yes
Michael,I will rejoice.pdf,TBD,pop,Yes,Yes,Yes,Yes
Michael,I will Worship.pdf,TBD,pop,Yes,Yes,Yes,Yes
Michael,I won't last a Day Without You.pdf,TBD,pop,Yes,Yes,Yes,Yes
Michael,I Write the Songs.pdf,TBD,pop,Yes,Yes,Yes,Yes
Michael,I'll meet you half way.pdf,TBD,pop,Yes,Yes,Yes,Yes
Michael,I'm Easy - guitar.pdf,TBD,pop,Yes,Yes,Yes,Yes
Michael,I'm Sorry - guitar.pdf,TBD,pop,Yes,Yes,Yes,Yes
Michael,I'm Sorry.pdf,TBD,pop,Yes,Yes,Yes,Yes
Michael,If You Can Read My Mind-guitar.pdf,TBD,pop,Yes,Yes,Yes,Yes
Michael,If you leave me now.pdf,TBD,pop,Yes,Yes,Yes,Yes
Michael,Imperial March Flute.pdf,TBD,pop,Yes,Yes,Yes,Yes
Michael,In Christ Alone.pdf,TBD,pop,Yes,Yes,Yes,Yes
Michael,In Heaven Eye's.pdf,TBD,pop,Yes,Yes,Yes,Yes
Michael,In Heaven's Eyes.pdf,TBD,pop,Yes,Yes,Yes,Yes
Michael,In His Time 2.pdf,TBD,pop,Yes,Yes,Yes,Yes
Michael,In His Time- flute.pdf,TBD,pop,Yes,Yes,Yes,Yes
Michael,In His Time.pdf,TBD,pop,Yes,Yes,Yes,Yes
Michael,In Moment Like These_p.pdf,TBD,pop,Yes,Yes,Yes,Yes
Michael,In moment like this -p.pdf,TBD,pop,Yes,Yes,Yes,Yes
Michael,In Moment Likes These.pdf,TBD,pop,Yes,Yes,Yes,Yes
Michael,In the Secret.pdf,TBD,pop,Yes,Yes,Yes,Yes
Michael,In Too Deep.pdf,TBD,pop,Yes,Yes,Yes,Yes
Michael,Indescriable.pdf,TBD,pop,Yes,Yes,Yes,Yes
Michael,Isn't He.pdf,TBD,pop,Yes,Yes,Yes,Yes
Michael,It Came upon a Midnight clear.pdf,TBD,pop,Yes,Yes,Yes,Yes
Michael,It Came Upon a Midnight Clear_JimBrickman.pdf,TBD,pop,Yes,Yes,Yes,Yes
Michael,It came upon the midnight clear.docx,TBD,pop,Yes,Yes,Yes,Yes
Michael,It came upon the midnight clear.pdf,TBD,pop,Yes,Yes,Yes,Yes
Michael,It Might Be You.pdf,TBD,pop,Yes,Yes,Yes,Yes
Michael,It Never Rain in Southern California.pdf,TBD,pop,Yes,Yes,Yes,Yes
Michael,Jehovah Jireh.pdf,TBD,pop,Yes,Yes,Yes,Yes
Michael,Jesus Calls Us.pdf,TBD,pop,Yes,Yes,Yes,Yes
Michael,Jesus Lover of my Soul.pdf,TBD,pop,Yes,Yes,Yes,Yes
Michael,Jesus Messiah.pdf,TBD,pop,Yes,Yes,Yes,Yes
Michael,Jesus Name Above All Name.pdf,TBD,pop,Yes,Yes,Yes,Yes
Michael,Jesus You are so Good.pdf,TBD,pop,Yes,Yes,Yes,Yes
Michael,Jet.pdf,TBD,pop,Yes,Yes,Yes,Yes
Michael,Jingle Bell.pdf,TBD,pop,Yes,Yes,Yes,Yes
Michael,Journey to the Island - Jurric Park Theme.pdf,TBD,pop,Yes,Yes,Yes,Yes
Michael,JOy to the World 2.pdf,TBD,pop,Yes,Yes,Yes,Yes
Michael,Joy to the World.pdf,TBD,pop,Yes,Yes,Yes,Yes
Michael,Joy to the World2.pdf,TBD,pop,Yes,Yes,Yes,Yes
Michael,Joyful Joyful We Adore Thee.pdf,TBD,pop,Yes,Yes,Yes,Yes
Michael,Just The Way You Are - Bruno Mars.pdf,TBD,pop,Yes,Yes,Yes,Yes
Michael,Just You and I.pdf,TBD,pop,Yes,Yes,Yes,Yes
Michael,Kei Song.pdf,TBD,pop,Yes,Yes,Yes,Yes
Michael,Killing Me Softly with his songs.pdf,TBD,pop,Yes,Yes,Yes,Yes
Michael,Kimbuyah.pdf,TBD,pop,Yes,Yes,Yes,Yes
Michael,Kimbuyah2.pdf,TBD,pop,Yes,Yes,Yes,Yes
Michael,Knowing You2.pdf,TBD,pop,Yes,Yes,Yes,Yes
Michael,Last Song.pdf,TBD,pop,Yes,Yes,Yes,Yes
Michael,Leaving on a Jet Plane2.pdf,TBD,pop,Yes,Yes,Yes,Yes
Michael,Let Every Song.pdf,TBD,pop,Yes,Yes,Yes,Yes
Michael,Let Everything That has a Breath.pdf,TBD,pop,Yes,Yes,Yes,Yes
Michael,Let Everything That Has Breath - p.pdf,TBD,pop,Yes,Yes,Yes,Yes
Michael,Let Everything That Has Breath.pdf,TBD,pop,Yes,Yes,Yes,Yes
Michael,Let Her In.pdf,TBD,pop,Yes,Yes,Yes,Yes
Michael,Let it Be Me.pdf,TBD,pop,Yes,Yes,Yes,Yes
Michael,Let it Go.pdf,TBD,pop,Yes,Yes,Yes,Yes
Michael,Let Us Adore.pdf,TBD,pop,Yes,Yes,Yes,Yes
Michael,Live and Let Die _guitar tab.pdf,TBD,pop,Yes,Yes,Yes,Yes
Michael,Live and Let Die.pdf,TBD,pop,Yes,Yes,Yes,Yes
Michael,Look All Around You.pdf,TBD,pop,Yes,Yes,Yes,Yes
Michael,Looks Like We Made It.pdf,TBD,pop,Yes,Yes,Yes,Yes
Michael,Lord Be Glorified.pdf,TBD,pop,Yes,Yes,Yes,Yes
Michael,Lord Glorify Your Name.pdf,TBD,pop,Yes,Yes,Yes,Yes
Michael,Lord I Lift Your Name on High.pdf,TBD,pop,Yes,Yes,Yes,Yes
Michael,Lord I Seek After You.pdf,TBD,pop,Yes,Yes,Yes,Yes
Michael,Lord Most High.pdf,TBD,pop,Yes,Yes,Yes,Yes
Michael,Lord of All.pdf,TBD,pop,Yes,Yes,Yes,Yes
Michael,Lord Reign in me.pdf,TBD,pop,Yes,Yes,Yes,Yes
Michael,Lord you have my heart.pdf,TBD,pop,Yes,Yes,Yes,Yes
Michael,Lords Prayer.pdf,TBD,pop,Yes,Yes,Yes,Yes
Michael,Lost Without Your Love.pdf,TBD,pop,Yes,Yes,Yes,Yes
Michael,Love the Lord.pdf,TBD,pop,Yes,Yes,Yes,Yes
Michael,Love Theme from God Father.pdf,TBD,pop,Yes,Yes,Yes,Yes
Michael,Lyin's Eyes.pdf,TBD,pop,Yes,Yes,Yes,Yes
Michael,Made Me Glad.pdf,TBD,pop,Yes,Yes,Yes,Yes
Michael,Magesty2.pdf,TBD,pop,Yes,Yes,Yes,Yes
Michael,Maid Marian ( Everything I Do for You ).pdf,TBD,pop,Yes,Yes,Yes,Yes
Michael,Majesty.pdf,TBD,pop,Yes,Yes,Yes,Yes
Michael,Make it With You.pdf,TBD,pop,Yes,Yes,Yes,Yes
Michael,Make Me Believe it is the First Time.pdf,TBD,pop,Yes,Yes,Yes,Yes
Michael,Mandy.pdf,TBD,pop,Yes,Yes,Yes,Yes
Michael,Master Piece.pdf,TBD,pop,Yes,Yes,Yes,Yes
Michael,Mathew 11.pdf,TBD,pop,Yes,Yes,Yes,Yes
Michael,Memory Piano Solo.pdf,TBD,pop,Yes,Yes,Yes,Yes
Michael,Memory.pdf,TBD,pop,Yes,Yes,Yes,Yes
Michael,Memory_Piano_Solo.pdf,TBD,pop,Yes,Yes,Yes,Yes
Michael,Mighty to Save.pdf,TBD,pop,Yes,Yes,Yes,Yes
Michael,More Love More Power.pdf,TBD,pop,Yes,Yes,Yes,Yes
Michael,Mountain Top - Amy Grant.pdf,TBD,pop,Yes,Yes,Yes,Yes
Michael,Mourning into Dancing.pdf,TBD,pop,Yes,Yes,Yes,Yes
Michael,Music Box.pdf,TBD,pop,Yes,Yes,Yes,Yes
Michael,Music of the Night piano solo.pdf,TBD,pop,Yes,Yes,Yes,Yes
Michael,My Delight.pdf,TBD,pop,Yes,Yes,Yes,Yes
Michael,My Eyes Adore You.pdf,TBD,pop,Yes,Yes,Yes,Yes
Michael,My Love.pdf,TBD,pop,Yes,Yes,Yes,Yes
Michael,My peace_ o lord your'r beaautiful.pdf,TBD,pop,Yes,Yes,Yes,Yes
Michael,My Place.pdf,TBD,pop,Yes,Yes,Yes,Yes
Michael,My Praise.pdf,TBD,pop,Yes,Yes,Yes,Yes
Michael,My Praise2.pdf,TBD,pop,Yes,Yes,Yes,Yes
Michael,My Redeemer Lives.pdf,TBD,pop,Yes,Yes,Yes,Yes
Michael,My World.pdf,TBD,pop,Yes,Yes,Yes,Yes
Michael,My_peace.pdf,TBD,pop,Yes,Yes,Yes,Yes
Michael,New Song We Sing.pdf,TBD,pop,Yes,Yes,Yes,Yes
Michael,New We Remain.pdf,TBD,pop,Yes,Yes,Yes,Yes
Michael,Next Time I Fall in Love.pdf,TBD,pop,Yes,Yes,Yes,Yes
Michael,O Christmas Tree.pdf,TBD,pop,Yes,Yes,Yes,Yes
Michael,O Come All Ye Faithful.pdf,TBD,pop,Yes,Yes,Yes,Yes
Michael,O Holy Night.pdf,TBD,pop,Yes,Yes,Yes,Yes
Michael,O Little Town of Bethleham2.pdf,TBD,pop,Yes,Yes,Yes,Yes
Michael,Oceans ( Where My Feet May Fail ) .pdf,TBD,pop,Yes,Yes,Yes,Yes
Michael,Oh Lord Your're Beautiful.pdf,TBD,pop,Yes,Yes,Yes,Yes
Michael,Once Again - Sax.pdf,TBD,pop,Yes,Yes,Yes,Yes
Michael,Once Again 2.pdf,TBD,pop,Yes,Yes,Yes,Yes
Michael,Once again flute.pdf,TBD,pop,Yes,Yes,Yes,Yes
Michael,Once Again.pdf,TBD,pop,Yes,Yes,Yes,Yes
Michael,One Moment in Time.pdf,TBD,pop,Yes,Yes,Yes,Yes
Michael,One More Night.pdf,TBD,pop,Yes,Yes,Yes,Yes
Michael,One Thing I Asked- Sax.pdf,TBD,pop,Yes,Yes,Yes,Yes
Michael,One Thing I Asked.pdf,TBD,pop,Yes,Yes,Yes,Yes
Michael,Only Yesterday.pdf,TBD,pop,Yes,Yes,Yes,Yes
Michael,Only YOu.pdf,TBD,pop,Yes,Yes,Yes,Yes
Michael,Open Arms.pdf,TBD,pop,Yes,Yes,Yes,Yes
Michael,Open Eyes of My Heart - Piano.pdf,TBD,pop,Yes,Yes,Yes,Yes
Michael,Open the Eyes of My Lord.pdf,TBD,pop,Yes,Yes,Yes,Yes
Michael,Our God Reign.pdf,TBD,pop,Yes,Yes,Yes,Yes
Michael,Our God.pdf,TBD,pop,Yes,Yes,Yes,Yes
Michael,Over the Rainbow.pdf,TBD,pop,Yes,Yes,Yes,Yes
Michael,Paper Roses.pdf,TBD,pop,Yes,Yes,Yes,Yes
Michael,Pass it On.pdf,TBD,pop,Yes,Yes,Yes,Yes
Michael,Peace Be Still.pdf,TBD,pop,Yes,Yes,Yes,Yes
Michael,People Need the Lord-piano.pdf,TBD,pop,Yes,Yes,Yes,Yes
Michael,People Need the Lord.pdf,TBD,pop,Yes,Yes,Yes,Yes
Michael,Phanthom of the Opera piano solo.pdf,TBD,pop,Yes,Yes,Yes,Yes
Michael,Please Mr Postman.pdf,TBD,pop,Yes,Yes,Yes,Yes
Michael,Please Mr. Postman.pdf,TBD,pop,Yes,Yes,Yes,Yes
Michael,Please Please Me.pdf,TBD,pop,Yes,Yes,Yes,Yes
Michael,Power of Your Love.pdf,TBD,pop,Yes,Yes,Yes,Yes
Michael,Praise Songs.pdf,TBD,pop,Yes,Yes,Yes,Yes
Michael,Praised Song.pdf,TBD,pop,Yes,Yes,Yes,Yes
Michael,Precious Child.pdf,TBD,pop,Yes,Yes,Yes,Yes
Michael,Psalm 100.pdf,TBD,pop,Yes,Yes,Yes,Yes
Michael,Psalm 19.pdf,TBD,pop,Yes,Yes,Yes,Yes
Michael,Pslam 19.pdf,TBD,pop,Yes,Yes,Yes,Yes
Michael,Raiders of the Lost Ark March.pdf,TBD,pop,Yes,Yes,Yes,Yes
Michael,Raining on the Inside.pdf,TBD,pop,Yes,Yes,Yes,Yes
Michael,Rainny Days and Monday.pdf,TBD,pop,Yes,Yes,Yes,Yes
Michael,Refiner Fire.pdf,TBD,pop,Yes,Yes,Yes,Yes
Michael,Refiner Fire2.pdf,TBD,pop,Yes,Yes,Yes,Yes
Michael,Reflection.pdf,TBD,pop,Yes,Yes,Yes,Yes
Michael,Reflection_flute.pdf,TBD,pop,Yes,Yes,Yes,Yes
Michael,Reign in Me.pdf,TBD,pop,Yes,Yes,Yes,Yes
Michael,Resting Place - flute.pdf,TBD,pop,Yes,Yes,Yes,Yes
Michael,Resting Place - sax.pdf,TBD,pop,Yes,Yes,Yes,Yes
Michael,Resting Place.pdf,TBD,pop,Yes,Yes,Yes,Yes
Michael,Revelation Song.pdf,TBD,pop,Yes,Yes,Yes,Yes
Michael,Right Before your eyes.pdf,TBD,pop,Yes,Yes,Yes,Yes
Michael,Rise Up and Praise Him.pdf,TBD,pop,Yes,Yes,Yes,Yes
Michael,Rocky Mountain High.pdf,TBD,pop,Yes,Yes,Yes,Yes
Michael,Romance de Amor - guitar.pdf,TBD,pop,Yes,Yes,Yes,Yes
Michael,Romeo and Juilet Theme.pdf,TBD,pop,Yes,Yes,Yes,Yes
Michael,Roses Are Red.pdf,TBD,pop,Yes,Yes,Yes,Yes
Michael,Run To Me.pdf,TBD,pop,Yes,Yes,Yes,Yes
Michael,Sacrifice.pdf,TBD,pop,Yes,Yes,Yes,Yes
Michael,Sailing.pdf,TBD,pop,Yes,Yes,Yes,Yes
Michael,Sam Hui_special-guitar.pdf,TBD,pop,Yes,Yes,Yes,Yes
Michael,San Francisco.pdf,TBD,pop,Yes,Yes,Yes,Yes
Michael,Schmitt Exercises for Piano.pdf,TBD,pop,Yes,Yes,Yes,Yes
Michael,Sealed With a Kiss.pdf,TBD,pop,Yes,Yes,Yes,Yes
Michael,Search me Oh God.pdf,TBD,pop,Yes,Yes,Yes,Yes
Michael,Seek Ye First.pdf,TBD,pop,Yes,Yes,Yes,Yes
Michael,She Leaving Home.pdf,TBD,pop,Yes,Yes,Yes,Yes
Michael,She Loves You.pdf,TBD,pop,Yes,Yes,Yes,Yes
Michael,Shine Jesus Shine.pdf,TBD,pop,Yes,Yes,Yes,Yes
Michael,Shout to the Lord.pdf,TBD,pop,Yes,Yes,Yes,Yes
Michael,Silent Night Holy Night.pdf,TBD,pop,Yes,Yes,Yes,Yes
Michael,Silent_Night.pdf,TBD,pop,Yes,Yes,Yes,Yes
Michael,Silhouette.pdf,TBD,pop,Yes,Yes,Yes,Yes
Michael,Sing for Jog.pdf,TBD,pop,Yes,Yes,Yes,Yes
Michael,Sing for Joy.pdf,TBD,pop,Yes,Yes,Yes,Yes
Michael,Sing Sing Sing.pdf,TBD,pop,Yes,Yes,Yes,Yes
Michael,Sing to the King.pdf,TBD,pop,Yes,Yes,Yes,Yes
Michael,Sing.pdf,TBD,pop,Yes,Yes,Yes,Yes
Michael,Slient Night.pdf,TBD,pop,Yes,Yes,Yes,Yes
Michael,Soften My Heart.pdf,TBD,pop,Yes,Yes,Yes,Yes
Michael,Somewhere My Love.pdf,TBD,pop,Yes,Yes,Yes,Yes
Michael,Song Bird.pdf,TBD,pop,Yes,Yes,Yes,Yes
Michael,Spirit of God.pdf,TBD,pop,Yes,Yes,Yes,Yes
Michael,Spirit Song.pdf,TBD,pop,Yes,Yes,Yes,Yes
Michael,Spirit Song2.pdf,TBD,pop,Yes,Yes,Yes,Yes
Michael,Star_Wars_Flute.pdf,TBD,pop,Yes,Yes,Yes,Yes
Michael,Steafest Love of the Lord.pdf,TBD,pop,Yes,Yes,Yes,Yes
Michael,Step by Step.pdf,TBD,pop,Yes,Yes,Yes,Yes
Michael,Strawberry Fields are Forever.pdf,TBD,pop,Yes,Yes,Yes,Yes
Michael,Sun and Moon-piano_solo.pdf,TBD,pop,Yes,Yes,Yes,Yes
Michael,Sunshine On My Shoulders.pdf,TBD,pop,Yes,Yes,Yes,Yes
Michael,Sweet Perfume.pdf,TBD,pop,Yes,Yes,Yes,Yes
Michael,Sweeter.pdf,TBD,pop,Yes,Yes,Yes,Yes
Michael,Swept Away.pdf,TBD,pop,Yes,Yes,Yes,Yes
Michael,Take It Easy.pdf,TBD,pop,Yes,Yes,Yes,Yes
Michael,Take Me Home Country Road.pdf,TBD,pop,Yes,Yes,Yes,Yes
Michael,Take My Life.pdf,TBD,pop,Yes,Yes,Yes,Yes
Michael,Take Time to Be Holy.pdf,TBD,pop,Yes,Yes,Yes,Yes
Michael,Testify Love.pdf,TBD,pop,Yes,Yes,Yes,Yes
Michael,That is What Friends are for.pdf,TBD,pop,Yes,Yes,Yes,Yes
Michael,The Battle Belongs to the Lord.pdf,TBD,pop,Yes,Yes,Yes,Yes
Michael,The Candy Man.pdf,TBD,pop,Yes,Yes,Yes,Yes
Michael,The Closer I get to you.pdf,TBD,pop,Yes,Yes,Yes,Yes
Michael,The First Noel.pdf,TBD,pop,Yes,Yes,Yes,Yes
Michael,The Gift.pdf,TBD,pop,Yes,Yes,Yes,Yes
Michael,The Hanon John thompson Scale.pdf,TBD,pop,Yes,Yes,Yes,Yes
Michael,The Heart of Worship-piano.pdf,TBD,pop,Yes,Yes,Yes,Yes
Michael,The Hill Street Blue.pdf,TBD,pop,Yes,Yes,Yes,Yes
Michael,The Lamb is Worthy.pdf,TBD,pop,Yes,Yes,Yes,Yes
Michael,The Last Night of the World-piano_solo.pdf,TBD,pop,Yes,Yes,Yes,Yes
Michael,The Lord Is My Strength.pdf,TBD,pop,Yes,Yes,Yes,Yes
Michael,The Lord Reign.pdf,TBD,pop,Yes,Yes,Yes,Yes
Michael,The Music of  the Night.pdf,TBD,pop,Yes,Yes,Yes,Yes
Michael,The Music of the Night Flute.pdf,TBD,pop,Yes,Yes,Yes,Yes
Michael,The Nail in Your Hands.pdf,TBD,pop,Yes,Yes,Yes,Yes
Michael,The Next Time I Fall.pdf,TBD,pop,Yes,Yes,Yes,Yes
Michael,The Phantom of the Opera Flute.pdf,TBD,pop,Yes,Yes,Yes,Yes
Michael,The Phantom of the Opera Theme.pdf,TBD,pop,Yes,Yes,Yes,Yes
Michael,The Steadfast Love of the Lord.pdf,TBD,pop,Yes,Yes,Yes,Yes
Michael,The Way We Were - guitar.pdf,TBD,pop,Yes,Yes,Yes,Yes
Michael,Theme From E.T-Piano Solo.pdf,TBD,pop,Yes,Yes,Yes,Yes
Michael,Theme From Ice Castle.pdf,TBD,pop,Yes,Yes,Yes,Yes
Michael,Theme From Love Story.pdf,TBD,pop,Yes,Yes,Yes,Yes
Michael,Theme from Titanic.pdf,TBD,pop,Yes,Yes,Yes,Yes
Michael,There is  a Kind of Hush.pdf,TBD,pop,Yes,Yes,Yes,Yes
Michael,There is a Quiet Understanding.pdf,TBD,pop,Yes,Yes,Yes,Yes
Michael,There is a Redeemer.pdf,TBD,pop,Yes,Yes,Yes,Yes
Michael,There is a Reemender.pdf,TBD,pop,Yes,Yes,Yes,Yes
Michael,There is a way.pdf,TBD,pop,Yes,Yes,Yes,Yes
Michael,They Long to be Close to You.pdf,TBD,pop,Yes,Yes,Yes,Yes
Michael,Think About His Love.pdf,TBD,pop,Yes,Yes,Yes,Yes
Michael,Think Of Me _Flute.pdf,TBD,pop,Yes,Yes,Yes,Yes
Michael,Think of Me.pdf,TBD,pop,Yes,Yes,Yes,Yes
Michael,This is My Father World.pdf,TBD,pop,Yes,Yes,Yes,Yes
Michael,This is the Stuff.pdf,TBD,pop,Yes,Yes,Yes,Yes
Michael,This Land is your Land.pdf,TBD,pop,Yes,Yes,Yes,Yes
Michael,This Love.pdf,TBD,pop,Yes,Yes,Yes,Yes
Michael,This One For You.pdf,TBD,pop,Yes,Yes,Yes,Yes
Michael,Throne Room Flute.pdf,TBD,pop,Yes,Yes,Yes,Yes
Michael,Thy Loving Kindness.pdf,TBD,pop,Yes,Yes,Yes,Yes
Michael,Thy Word.pdf,TBD,pop,Yes,Yes,Yes,Yes
Michael,Ticket To Ride.pdf,TBD,pop,Yes,Yes,Yes,Yes
Michael,Time In a Bottle.pdf,TBD,pop,Yes,Yes,Yes,Yes
Michael,Time of Refreshing.pdf,TBD,pop,Yes,Yes,Yes,Yes
Michael,To God Be the Glory.pdf,TBD,pop,Yes,Yes,Yes,Yes
Michael,To Where You Are.pdf,TBD,pop,Yes,Yes,Yes,Yes
Michael,Today is the Day.pdf,TBD,pop,Yes,Yes,Yes,Yes
Michael,Today.pdf,TBD,pop,Yes,Yes,Yes,Yes
Michael,Too Much Heaven.pdf,TBD,pop,Yes,Yes,Yes,Yes
Michael,Top Of the World.pdf,TBD,pop,Yes,Yes,Yes,Yes
Michael,Torn Between Two Lovers - guitar.pdf,TBD,pop,Yes,Yes,Yes,Yes
Michael,Truly.pdf,TBD,pop,Yes,Yes,Yes,Yes
Michael,Turn your Eyes Upon Jesus.pdf,TBD,pop,Yes,Yes,Yes,Yes
Michael,Unforgettable.pdf,TBD,pop,Yes,Yes,Yes,Yes
Michael,Up Up and Away.pdf,TBD,pop,Yes,Yes,Yes,Yes
Michael,Up Where We Belong.pdf,TBD,pop,Yes,Yes,Yes,Yes
Michael,Valentine- sax.pdf,TBD,pop,Yes,Yes,Yes,Yes
Michael,Valentine-flue.pdf,TBD,pop,Yes,Yes,Yes,Yes
Michael,Valentine.pdf,TBD,pop,Yes,Yes,Yes,Yes
Michael,Valentine_flute.pdf,TBD,pop,Yes,Yes,Yes,Yes
Michael,Valentine_Sax.pdf,TBD,pop,Yes,Yes,Yes,Yes
Michael,Venus And Mars.pdf,TBD,pop,Yes,Yes,Yes,Yes
Michael,WayMaker.pdf,TBD,pop,Yes,Yes,Yes,Yes
Michael,We Are an Offering- flute.pdf,TBD,pop,Yes,Yes,Yes,Yes
Michael,We Are An Offering-sax.pdf,TBD,pop,Yes,Yes,Yes,Yes
Michael,We are an offering.pdf,TBD,pop,Yes,Yes,Yes,Yes
Michael,We Are Gods Master Piece.pdf,TBD,pop,Yes,Yes,Yes,Yes
Michael,We Come to Humble Ourselves.pdf,TBD,pop,Yes,Yes,Yes,Yes
Michael,We Fall Down .pdf,TBD,pop,Yes,Yes,Yes,Yes
Michael,We Fall Down.pdf,TBD,pop,Yes,Yes,Yes,Yes
Michael,We Give you Glory.pdf,TBD,pop,Yes,Yes,Yes,Yes
Michael,We Kiss in the Shadow.pdf,TBD,pop,Yes,Yes,Yes,Yes
Michael,We Will Glorify.pdf,TBD,pop,Yes,Yes,Yes,Yes
Michael,We've only just Begun.pdf,TBD,pop,Yes,Yes,Yes,Yes
Michael,Weekend in England.pdf,TBD,pop,Yes,Yes,Yes,Yes
Michael,Welcome to Jurrassuc Park.pdf,TBD,pop,Yes,Yes,Yes,Yes
Michael,What a Friend We Have in Jesus.pdf,TBD,pop,Yes,Yes,Yes,Yes
Michael,What Child is This.pdf,TBD,pop,Yes,Yes,Yes,Yes
Michael,What Child is This2.pdf,TBD,pop,Yes,Yes,Yes,Yes
Michael,When I Look Into Your Holiness.pdf,TBD,pop,Yes,Yes,Yes,Yes
Michael,Who Am I-p.pdf,TBD,pop,Yes,Yes,Yes,Yes
Michael,Who Am I.pdf,TBD,pop,Yes,Yes,Yes,Yes
Michael,Why God Why -piano solo.pdf,TBD,pop,Yes,Yes,Yes,Yes
Michael,Wishing You Were Here  again Piano Solo.pdf,TBD,pop,Yes,Yes,Yes,Yes
Michael,Wishing You Were Here Again.pdf,TBD,pop,Yes,Yes,Yes,Yes
Michael,Wishing your were here Flute.pdf,TBD,pop,Yes,Yes,Yes,Yes
Michael,Yesterday Once More.pdf,TBD,pop,Yes,Yes,Yes,Yes
Michael,Yesterday.pdf,TBD,pop,Yes,Yes,Yes,Yes
Michael,You Alone.pdf,TBD,pop,Yes,Yes,Yes,Yes
Michael,You Are Holy.pdf,TBD,pop,Yes,Yes,Yes,Yes
Michael,You are My Hiding Place-Sax.pdf,TBD,pop,Yes,Yes,Yes,Yes
Michael,You are my hiding place.pdf,TBD,pop,Yes,Yes,Yes,Yes
Michael,You Are So Faithful.pdf,TBD,pop,Yes,Yes,Yes,Yes
Michael,You Are Worthy of My Praise.pdf,TBD,pop,Yes,Yes,Yes,Yes
Michael,You are worthy to be Praise.pdf,TBD,pop,Yes,Yes,Yes,Yes
Michael,You are Worthy to my Praise.pdf,TBD,pop,Yes,Yes,Yes,Yes
Michael,You don't bring me flower.pdf,TBD,pop,Yes,Yes,Yes,Yes
Michael,You Don't Bring Me Flowers.pdf,TBD,pop,Yes,Yes,Yes,Yes
Michael,You Have Been Good.pdf,TBD,pop,Yes,Yes,Yes,Yes
Michael,You Have Buried my Sins.pdf,TBD,pop,Yes,Yes,Yes,Yes
Michael,You Light Up My Life.pdf,TBD,pop,Yes,Yes,Yes,Yes
Michael,You You are God.pdf,TBD,pop,Yes,Yes,Yes,Yes
Michael,Your Are the Mighty King.pdf,TBD,pop,Yes,Yes,Yes,Yes
Michael,Your Grace Is Enough.pdf,TBD,pop,Yes,Yes,Yes,Yes
Michael,You are my hiding place.pdf,TBD,pop,Yes,Yes,Yes,Yes
Michael,You Are So Faithful.pdf,TBD,pop,Yes,Yes,Yes,Yes
Michael,You Are Worthy of My Praise.pdf,TBD,pop,Yes,Yes,Yes,Yes
Michael,You are worthy to be Praise.pdf,TBD,pop,Yes,Yes,Yes,Yes
Michael,You are Worthy to my Praise.pdf,TBD,pop,Yes,Yes,Yes,Yes
Michael,You don't bring me flower.pdf,TBD,pop,Yes,Yes,Yes,Yes
Michael,You Don't Bring Me Flowers.pdf,TBD,pop,Yes,Yes,Yes,Yes
Michael,You Have Been Good.pdf,TBD,pop,Yes,Yes,Yes,Yes
Michael,You Have Buried my Sins.pdf,TBD,pop,Yes,Yes,Yes,Yes
Michael,You Light Up My Life.pdf,TBD,pop,Yes,Yes,Yes,Yes
Michael,You You are God.pdf,TBD,pop,Yes,Yes,Yes,Yes
Michael,Your Are the Mighty King.pdf,TBD,pop,Yes,Yes,Yes,Yes
Michael,Your Grace Is Enough.pdf,TBD,pop,Yes,Yes,Yes,Yes
Michael,You are worthy to be Praise.pdf,TBD,pop,Yes,Yes,Yes,Yes
Michael,You are Worthy to my Praise.pdf,TBD,pop,Yes,Yes,Yes,Yes
Michael,You don't bring me flower.pdf,TBD,pop,Yes,Yes,Yes,Yes
Michael,You Don't Bring Me Flowers.pdf,TBD,pop,Yes,Yes,Yes,Yes
Michael,You Have Been Good.pdf,TBD,pop,Yes,Yes,Yes,Yes
Michael,You Have Buried my Sins.pdf,TBD,pop,Yes,Yes,Yes,Yes
Michael,You Light Up My Life.pdf,TBD,pop,Yes,Yes,Yes,Yes
Michael,You You are God.pdf,TBD,pop,Yes,Yes,Yes,Yes
Michael,Your Are the Mighty King.pdf,TBD,pop,Yes,Yes,Yes,Yes
Michael,Your Grace Is Enough.pdf,TBD,pop,Yes,Yes,Yes,Yes